"Data","Ostatnio","Otwarcie","Max.","Min.","Wol.","Zmiana%"
"27.02.2025","218,00","223,00","223,60","215,50","241,22K","-2,20%"
"26.02.2025","222,90","220,20","222,90","219,10","191,05K","1,00%"
"25.02.2025","220,70","221,70","223,70","218,30","231,35K","-0,45%"
"24.02.2025","221,70","227,60","227,90","220,10","212,58K","-2,85%"
"21.02.2025","228,20","226,90","231,70","225,80","186,13K","1,06%"
"20.02.2025","225,80","229,20","230,40","224,50","203,36K","-1,10%"
"19.02.2025","228,30","229,30","238,80","225,80","396,85K","-0,31%"
"18.02.2025","229,00","230,00","231,20","227,80","179,74K","-0,43%"
"17.02.2025","230,00","226,80","231,40","225,00","123,81K","1,41%"
"14.02.2025","226,80","227,70","229,90","223,80","238,42K","-0,04%"
"13.02.2025","226,90","230,70","231,90","223,50","260,36K","-1,05%"
"12.02.2025","229,30","224,30","235,90","223,80","608,53K","2,23%"
"11.02.2025","224,30","219,20","224,30","218,10","250,02K","2,42%"
"10.02.2025","219,00","217,00","219,60","216,10","174,20K","1,11%"
"07.02.2025","216,60","219,50","219,90","215,80","212,53K","-1,10%"
"06.02.2025","219,00","222,00","224,10","215,20","358,57K","-1,17%"
"05.02.2025","221,60","215,20","221,80","214,30","557,30K","3,17%"
"04.02.2025","214,80","209,40","215,20","208,80","276,32K","2,87%"
"03.02.2025","208,80","205,00","210,60","205,00","301,44K","-1,09%"
"31.01.2025","211,10","211,80","212,30","208,40","204,21K","0,05%"
"30.01.2025","211,00","204,50","211,00","204,30","185,76K","3,18%"
"29.01.2025","204,50","203,10","208,20","203,10","140,81K","0,74%"
"28.01.2025","203,00","205,50","207,30","201,30","150,35K","-0,98%"
"27.01.2025","205,00","205,00","206,60","201,80","347,21K","-1,01%"
"24.01.2025","207,10","208,00","213,60","205,30","264,53K","-2,63%"
"23.01.2025","212,70","210,00","214,10","208,40","250,60K","0,42%"
"22.01.2025","211,80","222,80","223,90","209,20","547,56K","-4,94%"
"21.01.2025","222,80","216,70","222,80","214,00","381,69K","2,81%"
"20.01.2025","216,70","218,50","221,50","216,10","356,52K","-0,82%"
"17.01.2025","218,50","206,90","220,20","204,40","813,95K","5,50%"
"16.01.2025","207,10","195,55","209,00","194,35","776,18K","6,45%"
"15.01.2025","194,55","192,00","194,55","189,60","208,41K","1,33%"
"14.01.2025","192,00","190,10","192,85","189,00","273,17K","1,05%"
"13.01.2025","190,00","190,00","191,00","187,20","206,27K","-1,12%"
"10.01.2025","192,15","189,40","192,55","187,00","249,05K","1,56%"
"09.01.2025","189,20","184,65","189,20","184,50","178,72K","2,55%"
"08.01.2025","184,50","193,30","193,65","183,20","460,02K","-4,55%"
"07.01.2025","193,30","196,30","200,40","193,10","394,13K","-1,43%"
"03.01.2025","196,10","193,50","198,75","193,00","291,97K","1,34%"
"02.01.2025","193,50","192,00","197,30","190,25","332,30K","1,07%"
"30.12.2024","191,45","190,55","194,10","188,75","196,23K","0,47%"
"27.12.2024","190,55","187,30","191,15","184,00","238,57K","1,74%"
"23.12.2024","187,30","187,30","189,35","186,15","169,89K","0,00%"
"20.12.2024","187,30","188,00","188,70","182,85","805,20K","-0,74%"
"19.12.2024","188,70","190,00","192,90","187,80","299,69K","-1,67%"
"18.12.2024","191,90","189,45","195,50","189,45","500,53K","1,29%"
"17.12.2024","189,45","189,00","192,90","186,70","353,14K","0,08%"
"16.12.2024","189,30","184,50","190,00","184,05","250,39K","3,10%"
"13.12.2024","183,60","200,00","202,00","178,25","1,09M","-3,87%"
"12.12.2024","191,00","195,65","196,60","183,55","624,00K","-2,35%"
"11.12.2024","195,60","194,00","195,95","192,00","352,98K","0,82%"
"10.12.2024","194,00","194,10","196,70","188,10","451,48K","-0,15%"
"09.12.2024","194,30","199,85","202,00","191,10","545,51K","-2,78%"
"06.12.2024","199,85","193,00","200,00","191,80","853,41K","3,55%"
"05.12.2024","193,00","180,25","193,00","180,25","641,58K","7,28%"
"04.12.2024","179,90","179,45","183,30","177,30","599,69K","0,25%"
"03.12.2024","179,45","170,20","179,45","170,00","584,97K","5,43%"
"02.12.2024","170,20","168,75","170,50","167,45","197,78K","1,79%"
"29.11.2024","167,20","164,80","168,45","164,70","263,15K","1,46%"
"28.11.2024","164,80","165,95","168,40","163,55","244,59K","0,12%"
"27.11.2024","164,60","172,20","173,00","158,00","801,47K","-4,41%"
"26.11.2024","172,20","166,25","172,35","165,00","404,81K","4,02%"
"25.11.2024","165,55","161,40","166,15","161,40","605,19K","2,92%"
"22.11.2024","160,85","160,75","161,85","157,00","327,12K","0,53%"
"21.11.2024","160,00","159,15","160,80","157,05","260,38K","1,27%"
"20.11.2024","158,00","153,10","159,15","153,00","254,54K","2,86%"
"19.11.2024","153,60","157,25","157,65","150,30","243,57K","-1,70%"
"18.11.2024","156,25","155,70","159,25","155,20","184,64K","0,26%"
"15.11.2024","155,85","161,90","162,00","155,85","248,28K","-3,71%"
"14.11.2024","161,85","158,75","161,85","158,20","193,78K","2,11%"
"13.11.2024","158,50","161,40","161,40","156,70","298,74K","-1,80%"
"12.11.2024","161,40","161,00","162,30","159,55","173,54K","0,25%"
"08.11.2024","161,00","163,00","164,60","160,50","197,93K","-1,23%"
"07.11.2024","163,00","160,00","163,00","159,90","180,62K","2,10%"
"06.11.2024","159,65","160,70","161,95","158,85","229,35K","-1,11%"
"05.11.2024","161,45","161,80","163,20","159,30","202,23K","0,53%"
"04.11.2024","160,60","161,00","161,80","157,60","331,13K","-0,09%"
"31.10.2024","160,75","159,00","161,20","156,55","314,54K","-0,12%"
"30.10.2024","160,95","162,80","163,65","159,35","197,30K","-1,14%"
"29.10.2024","162,80","160,50","162,80","159,70","199,78K","1,12%"
"28.10.2024","161,00","159,10","161,40","158,90","150,81K","1,45%"
"25.10.2024","158,70","159,35","160,00","157,45","199,29K","-0,38%"
"24.10.2024","159,30","159,90","161,00","158,05","201,92K","-1,12%"
"23.10.2024","161,10","158,65","161,10","158,05","255,00K","1,58%"
"22.10.2024","158,60","156,05","160,00","155,85","392,41K","1,41%"
"21.10.2024","156,40","160,45","161,35","155,30","237,58K","-2,52%"
"18.10.2024","160,45","157,60","160,60","152,00","332,89K","0,60%"
"17.10.2024","159,50","164,90","164,90","157,65","220,49K","-3,30%"
"16.10.2024","164,95","164,60","164,95","160,95","216,38K","-0,03%"
"15.10.2024","165,00","160,75","165,45","160,45","309,32K","2,64%"
"14.10.2024","160,75","162,15","164,00","159,60","283,86K","-0,25%"
"11.10.2024","161,15","168,55","169,70","156,75","803,22K","-4,39%"
"10.10.2024","168,55","171,10","172,15","168,00","245,71K","-1,78%"
"09.10.2024","171,60","170,30","173,35","168,90","268,50K","0,44%"
"08.10.2024","170,85","167,50","170,85","167,20","250,90K","1,24%"
"07.10.2024","168,75","171,80","173,35","167,95","184,46K","-1,03%"
"04.10.2024","170,50","168,00","172,00","168,00","402,93K","1,61%"
"03.10.2024","167,80","167,75","171,85","164,50","268,26K","-1,12%"
"02.10.2024","169,70","171,70","173,00","169,05","252,35K","-1,11%"
"01.10.2024","171,60","174,30","175,35","171,50","261,61K","-1,46%"
"30.09.2024","174,15","173,15","177,30","173,15","341,53K","-0,06%"
"27.09.2024","174,25","170,00","175,00","169,50","161,87K","1,40%"
"26.09.2024","171,85","172,60","175,75","171,00","295,87K","-0,15%"
"25.09.2024","172,10","171,50","172,30","169,00","296,24K","0,32%"
"24.09.2024","171,55","168,00","171,95","166,25","288,60K","2,36%"
"23.09.2024","167,60","175,70","175,70","165,25","528,47K","-4,61%"
"20.09.2024","175,70","176,20","177,80","173,55","897,20K","-1,18%"
"19.09.2024","177,80","176,45","180,10","175,45","287,10K","0,82%"
"18.09.2024","176,35","177,00","177,80","172,50","216,79K","-0,03%"
"17.09.2024","176,40","173,75","177,00","173,40","232,81K","2,02%"
"16.09.2024","172,90","170,00","174,25","169,75","248,02K","1,71%"
"13.09.2024","170,00","169,00","170,95","168,20","339,28K","1,34%"
"12.09.2024","167,75","167,95","171,00","165,90","349,98K","1,85%"
"11.09.2024","164,70","162,00","167,25","161,80","262,77K","1,54%"
"10.09.2024","162,20","165,80","166,35","160,50","655,92K","-2,41%"
"09.09.2024","166,20","168,00","169,55","164,15","589,59K","-2,66%"
"06.09.2024","170,75","173,10","175,20","167,20","339,26K","-2,23%"
"05.09.2024","174,65","177,00","178,40","174,10","181,00K","-1,52%"
"04.09.2024","177,35","175,00","177,50","172,75","286,69K","0,57%"
"03.09.2024","176,35","181,20","182,95","175,50","330,57K","-2,78%"
"02.09.2024","181,40","183,10","183,20","179,15","233,33K","-0,93%"
"30.08.2024","183,10","180,00","185,50","177,60","527,82K","1,10%"
"29.08.2024","181,10","180,00","182,20","172,00","493,35K","0,61%"
"28.08.2024","180,00","179,35","180,50","177,30","274,03K","0,33%"
"27.08.2024","179,40","179,40","180,95","177,65","258,01K","-0,44%"
"26.08.2024","180,20","181,45","182,80","178,20","149,19K","-0,69%"
"23.08.2024","181,45","185,00","186,60","181,20","270,65K","-1,92%"
"22.08.2024","185,00","180,00","187,00","179,40","405,83K","3,01%"
"21.08.2024","179,60","175,30","180,30","175,00","243,30K","2,45%"
"20.08.2024","175,30","179,85","180,10","170,00","392,56K","-2,53%"
"19.08.2024","179,85","178,90","181,10","178,15","328,56K","0,00%"
"16.08.2024","179,85","175,00","181,60","174,00","599,64K","3,18%"
"14.08.2024","174,30","171,50","175,45","171,50","677,83K","1,46%"
"13.08.2024","171,80","170,50","172,80","168,00","451,90K","0,79%"
"12.08.2024","170,45","164,00","170,50","163,05","548,72K","3,90%"
"09.08.2024","164,05","163,70","165,60","161,75","490,67K","0,21%"
"08.08.2024","163,70","156,00","163,80","154,25","746,88K","4,40%"
"07.08.2024","156,80","151,00","157,20","150,50","431,60K","4,22%"
"06.08.2024","150,45","151,80","153,20","148,90","810,64K","-0,66%"
"05.08.2024","151,45","149,95","153,35","145,00","1,10M","-3,78%"
"02.08.2024","157,40","157,90","158,80","155,55","336,90K","-1,69%"
"01.08.2024","160,10","157,45","161,75","154,75","332,12K","0,66%"
"31.07.2024","159,05","157,30","159,20","156,60","237,82K","2,25%"
"30.07.2024","155,55","158,50","160,40","155,55","319,13K","-1,98%"
"29.07.2024","158,70","156,40","159,05","155,75","299,42K","2,09%"
"26.07.2024","155,45","157,25","158,95","155,10","151,59K","-1,14%"
"25.07.2024","157,25","152,40","159,00","150,60","337,44K","0,67%"
"24.07.2024","156,20","156,50","159,05","155,20","247,53K","-0,70%"
"23.07.2024","157,30","157,50","159,05","155,50","215,29K","-0,13%"
"22.07.2024","157,50","157,50","159,00","150,55","305,77K","0,00%"
"19.07.2024","157,50","160,00","161,20","157,15","355,43K","-2,66%"
"18.07.2024","161,80","161,00","163,00","158,10","294,92K","1,25%"
"17.07.2024","159,80","160,00","164,50","158,30","550,08K","-0,44%"
"16.07.2024","160,50","163,50","163,70","157,55","577,20K","-2,01%"
"15.07.2024","163,80","158,25","164,00","156,60","582,92K","3,31%"
"12.07.2024","158,55","150,15","159,15","149,25","773,13K","5,70%"
"11.07.2024","150,00","147,80","150,60","147,65","291,45K","1,59%"
"10.07.2024","147,65","147,40","149,95","146,35","418,63K","0,17%"
"09.07.2024","147,40","146,20","148,10","145,50","296,14K","0,75%"
"08.07.2024","146,30","144,70","146,90","143,50","219,66K","0,90%"
"05.07.2024","145,00","142,00","145,60","142,00","352,76K","2,11%"
"04.07.2024","142,00","143,00","143,25","140,35","139,97K","-0,53%"
"03.07.2024","142,75","140,00","142,80","139,25","235,77K","2,81%"
"02.07.2024","138,85","139,00","140,40","137,00","213,92K","0,40%"
"01.07.2024","138,30","139,85","140,00","137,10","219,25K","-0,47%"
"28.06.2024","138,95","138,50","139,55","137,25","284,59K","0,32%"
"27.06.2024","138,50","141,40","141,70","136,60","438,88K","-2,05%"
"26.06.2024","141,40","143,85","144,95","141,20","288,94K","-1,67%"
"25.06.2024","143,80","143,00","145,40","140,90","370,86K","0,45%"
"24.06.2024","143,15","136,00","143,50","136,00","535,20K","5,30%"
"21.06.2024","135,95","136,75","138,65","135,70","646,75K","-0,91%"
"20.06.2024","137,20","137,60","138,40","135,40","292,18K","-0,72%"
"19.06.2024","138,20","136,00","138,55","135,80","274,19K","1,47%"
"18.06.2024","136,20","136,25","137,95","135,50","430,33K","0,11%"
"17.06.2024","136,05","133,80","137,45","133,80","313,80K","1,68%"
"14.06.2024","133,80","131,50","134,60","130,80","326,46K","0,64%"
"13.06.2024","132,95","134,05","135,80","132,00","243,23K","-1,52%"
"12.06.2024","135,00","134,50","136,15","131,05","378,97K","0,41%"
"11.06.2024","134,45","135,00","137,55","133,25","386,67K","0,34%"
"10.06.2024","134,00","134,95","135,25","132,40","231,88K","-0,63%"
"07.06.2024","134,85","132,50","137,70","131,95","374,30K","1,77%"
"06.06.2024","132,50","134,50","135,00","132,50","225,20K","-0,53%"
"05.06.2024","133,20","132,50","133,55","131,55","321,20K","0,60%"
"04.06.2024","132,40","133,50","135,20","132,05","458,70K","-1,38%"
"03.06.2024","134,25","131,50","135,70","131,00","523,31K","3,03%"
"31.05.2024","130,30","130,40","132,25","126,50","926,45K","0,00%"
"29.05.2024","130,30","142,00","143,00","129,50","1,27M","-6,39%"
"28.05.2024","139,20","139,80","141,50","138,80","431,78K","-0,39%"
"27.05.2024","139,75","139,40","141,40","138,50","202,27K","0,25%"
"24.05.2024","139,40","141,10","141,90","137,25","375,09K","-1,93%"
"23.05.2024","142,15","145,00","145,00","140,70","444,04K","-1,97%"
"22.05.2024","145,00","142,65","148,95","141,50","620,70K","1,75%"
"21.05.2024","142,50","142,70","144,00","141,75","378,60K","-0,11%"
"20.05.2024","142,65","141,00","143,30","140,35","281,55K","1,10%"
"17.05.2024","141,10","142,20","142,65","140,60","214,08K","-1,26%"
"16.05.2024","142,90","140,00","144,35","139,90","482,21K","2,33%"
"15.05.2024","139,65","142,25","143,00","136,40","585,31K","-2,38%"
"14.05.2024","143,05","142,00","144,90","139,00","867,01K","1,56%"
"13.05.2024","140,85","131,00","142,20","131,00","946,28K","6,91%"
"10.05.2024","131,75","133,00","133,75","130,55","311,16K","0,19%"
"09.05.2024","131,50","132,60","134,30","130,30","248,70K","-0,23%"
"08.05.2024","131,80","128,00","134,85","127,60","901,84K","2,57%"
"07.05.2024","128,50","124,20","129,65","124,10","654,08K","3,55%"
"06.05.2024","124,10","120,00","126,40","119,65","695,89K","3,81%"
"02.05.2024","119,55","118,50","123,60","117,05","528,88K","0,89%"
"30.04.2024","118,50","118,20","119,65","117,75","244,95K","0,55%"
"29.04.2024","117,85","116,00","118,40","116,00","222,91K","1,46%"
"26.04.2024","116,15","115,60","116,80","114,90","176,84K","1,35%"
"25.04.2024","114,60","115,90","116,95","114,05","201,05K","-1,33%"
"24.04.2024","116,15","116,00","118,20","115,65","276,87K","0,35%"
"23.04.2024","115,75","116,30","117,75","115,05","364,39K","-0,43%"
"22.04.2024","116,25","113,25","116,35","113,25","285,60K","2,69%"
"19.04.2024","113,20","112,00","113,80","111,60","195,12K","0,44%"
"18.04.2024","112,70","113,00","113,80","111,15","338,97K","0,22%"
"17.04.2024","112,45","111,75","113,15","111,05","326,58K","0,81%"
"16.04.2024","111,55","115,00","115,30","111,40","445,10K","-3,42%"
"15.04.2024","115,50","117,30","119,45","115,50","317,37K","-2,53%"
"12.04.2024","118,50","119,80","120,00","118,15","235,66K","-0,17%"
"11.04.2024","118,70","115,25","121,00","115,25","539,57K","3,22%"
"10.04.2024","115,00","117,60","118,70","114,20","306,00K","-1,79%"
"09.04.2024","117,10","117,50","119,80","116,70","373,87K","0,09%"
"08.04.2024","117,00","116,70","117,00","115,70","193,07K","0,82%"
"05.04.2024","116,05","115,50","117,20","114,40","372,07K","-0,73%"
"04.04.2024","116,90","114,20","117,35","114,20","354,94K","2,54%"
"03.04.2024","114,00","116,00","116,50","113,50","436,71K","-1,43%"
"02.04.2024","115,65","118,90","124,10","115,65","1,69M","-1,07%"
"28.03.2024","116,90","115,70","117,00","114,60","558,61K","1,30%"
"27.03.2024","115,40","113,40","115,90","112,85","315,28K","2,12%"
"26.03.2024","113,00","114,80","115,25","112,40","522,71K","-1,99%"
"25.03.2024","115,30","114,90","116,25","113,85","243,56K","0,35%"
"22.03.2024","114,90","114,00","116,60","113,25","273,89K","0,52%"
"21.03.2024","114,30","115,00","115,15","112,15","308,21K","1,24%"
"20.03.2024","112,90","111,50","113,50","110,70","234,73K","1,62%"
"19.03.2024","111,10","112,50","113,20","109,45","282,81K","-1,24%"
"18.03.2024","112,50","116,90","117,90","111,15","557,82K","-3,14%"
"15.03.2024","116,15","118,00","118,95","113,85","963,58K","-1,44%"
"14.03.2024","117,85","116,50","119,10","116,10","458,57K","1,16%"
"13.03.2024","116,50","117,75","118,15","115,60","340,74K","-0,98%"
"12.03.2024","117,65","117,20","119,65","115,40","863,12K","0,47%"
"11.03.2024","117,10","112,10","117,85","111,50","921,37K","5,78%"
"08.03.2024","110,70","108,50","111,10","105,60","425,12K","2,74%"
"07.03.2024","107,75","106,95","109,90","105,55","268,90K","0,70%"
"06.03.2024","107,00","105,70","107,35","105,50","151,20K","1,52%"
"05.03.2024","105,40","105,95","107,00","104,25","173,83K","-0,47%"
"04.03.2024","105,90","110,35","111,15","105,90","329,82K","-4,03%"
"01.03.2024","110,35","110,00","111,65","109,10","147,17K","0,59%"
"29.02.2024","109,70","110,90","112,10","109,55","363,04K","-1,26%"
"28.02.2024","111,10","115,30","115,30","110,90","278,65K","-3,64%"
"27.02.2024","115,30","113,90","115,75","113,10","211,44K","1,23%"
"26.02.2024","113,90","114,80","115,00","112,65","160,78K","-0,83%"
"23.02.2024","114,85","115,45","116,25","114,10","222,24K","-0,52%"
"22.02.2024","115,45","114,20","115,55","114,20","264,75K","1,72%"
"21.02.2024","113,50","115,00","116,35","113,40","494,35K","-1,09%"
"20.02.2024","114,75","113,50","114,85","110,65","468,42K","0,57%"
"19.02.2024","114,10","113,30","115,30","112,50","329,35K","-0,35%"
"16.02.2024","114,50","113,75","115,00","112,80","334,89K","0,66%"
"15.02.2024","113,75","110,30","115,05","109,00","524,82K","3,13%"
"14.02.2024","110,30","109,25","110,80","108,95","203,12K","0,91%"
"13.02.2024","109,30","113,20","113,30","108,75","320,70K","-3,57%"
"12.02.2024","113,35","111,10","114,30","111,00","304,14K","1,93%"
"09.02.2024","111,20","109,00","111,45","109,00","212,74K","1,09%"
"08.02.2024","110,00","109,00","111,15","108,00","493,50K","1,57%"
"07.02.2024","108,30","108,35","109,35","107,35","278,60K","-0,05%"
"06.02.2024","108,35","109,45","109,45","107,10","240,26K","-0,55%"
"05.02.2024","108,95","104,45","109,70","104,45","491,63K","4,56%"
"02.02.2024","104,20","105,05","106,55","103,70","225,10K","-0,57%"
"01.02.2024","104,80","103,65","105,60","103,65","202,70K","0,05%"
"31.01.2024","104,75","103,95","105,20","102,55","274,88K","0,92%"
"30.01.2024","103,80","105,00","106,05","103,70","316,22K","-1,14%"
"29.01.2024","105,00","105,35","105,65","103,75","185,96K","-0,14%"
"26.01.2024","105,15","106,35","106,60","103,65","232,33K","-1,13%"
"25.01.2024","106,35","105,50","107,00","102,65","478,91K","0,81%"
"24.01.2024","105,50","104,20","105,65","104,05","304,59K","1,69%"
"23.01.2024","103,75","103,80","108,60","100,80","466,63K","2,17%"
"22.01.2024","101,55","100,05","101,55","99,64","248,63K","2,37%"
"19.01.2024","99,20","100,50","101,45","97,76","506,06K","-0,70%"
"18.01.2024","99,90","100,80","102,00","97,10","594,22K","-0,10%"
"17.01.2024","100,00","104,90","105,10","100,00","651,06K","-4,76%"
"16.01.2024","105,00","106,60","106,95","104,85","315,85K","-1,55%"
"15.01.2024","106,65","107,95","108,00","105,50","259,07K","-1,25%"
"12.01.2024","108,00","108,00","109,85","107,15","230,38K","0,37%"
"11.01.2024","107,60","111,20","111,80","107,60","385,54K","-3,24%"
"10.01.2024","111,20","111,35","113,15","110,45","199,37K","-0,22%"
"09.01.2024","111,45","110,25","111,50","109,65","225,12K","1,09%"
"08.01.2024","110,25","110,80","111,00","109,25","133,25K","-0,77%"
"05.01.2024","111,10","112,05","112,05","107,65","509,91K","-1,02%"
"04.01.2024","112,25","111,65","112,50","110,00","211,88K","0,54%"
"03.01.2024","111,65","111,85","112,00","108,40","390,53K","-0,22%"
"02.01.2024","111,90","115,05","115,85","109,95","399,40K","-2,70%"
"29.12.2023","115,00","115,70","116,40","114,90","164,25K","-0,61%"
"28.12.2023","115,70","115,75","117,55","115,20","268,86K","0,61%"
"27.12.2023","115,00","116,50","116,90","114,60","357,76K","-1,29%"
"22.12.2023","116,50","116,00","116,80","114,70","303,53K","0,43%"
"21.12.2023","116,00","115,25","117,10","114,40","320,41K","0,00%"
"20.12.2023","116,00","117,00","118,75","116,00","260,05K","-0,43%"
"19.12.2023","116,50","115,30","118,80","114,50","424,43K","1,04%"
"18.12.2023","115,30","114,40","115,35","112,30","450,39K","0,79%"
"15.12.2023","114,40","114,10","115,45","113,05","755,12K","0,35%"
"14.12.2023","114,00","113,95","114,80","113,10","281,55K","1,02%"
"13.12.2023","112,85","113,30","113,70","112,40","230,77K","-0,40%"
"12.12.2023","113,30","114,35","114,60","112,35","173,02K","-0,48%"
"11.12.2023","113,85","112,15","114,75","111,65","415,34K","1,52%"
"08.12.2023","112,15","108,25","112,20","108,25","381,75K","3,60%"
"07.12.2023","108,25","108,50","109,50","107,65","261,48K","-0,23%"
"06.12.2023","108,50","107,85","109,90","107,75","238,78K","0,70%"
"05.12.2023","107,75","106,75","109,10","106,40","486,95K","0,98%"
"04.12.2023","106,70","110,45","111,00","106,05","668,54K","-3,87%"
"01.12.2023","111,00","107,30","111,45","106,65","414,06K","1,98%"
"30.11.2023","108,85","105,00","110,00","104,85","693,06K","4,46%"
"29.11.2023","104,20","115,00","115,65","104,15","1,15M","-3,47%"
"28.11.2023","107,95","109,45","109,60","106,85","384,13K","-1,51%"
"27.11.2023","109,60","112,40","114,15","109,60","199,04K","-2,10%"
"24.11.2023","111,95","110,50","112,40","109,45","132,68K","1,40%"
"23.11.2023","110,40","113,85","114,00","110,40","221,12K","-3,03%"
"22.11.2023","113,85","113,00","114,95","111,60","211,04K","0,57%"
"21.11.2023","113,20","114,65","115,70","113,15","186,65K","-0,57%"
"20.11.2023","113,85","113,85","117,95","113,50","342,44K","0,62%"
"17.11.2023","113,15","112,60","113,65","112,00","164,06K","0,49%"
"16.11.2023","112,60","114,20","114,95","111,50","309,44K","-1,23%"
"15.11.2023","114,00","114,30","116,45","111,60","424,39K","-0,09%"
"14.11.2023","114,10","107,05","114,35","103,30","555,08K","5,94%"
"13.11.2023","107,70","109,50","110,10","107,40","194,10K","-1,37%"
"10.11.2023","109,20","110,00","110,00","108,20","204,04K","-0,73%"
"09.11.2023","110,00","108,25","111,00","106,80","190,80K","1,62%"
"08.11.2023","108,25","109,00","110,50","107,60","125,94K","-1,14%"
"07.11.2023","109,50","109,50","110,00","106,80","210,18K","-0,09%"
"06.11.2023","109,60","110,90","111,85","108,80","243,42K","-0,36%"
"03.11.2023","110,00","109,00","110,60","106,95","339,61K","1,52%"
"02.11.2023","108,35","106,50","108,35","105,30","494,55K","3,19%"
"31.10.2023","105,00","105,50","106,70","105,00","214,82K","0,00%"
"30.10.2023","105,00","107,40","108,90","105,00","226,76K","-1,59%"
"27.10.2023","106,70","106,60","109,00","106,20","255,27K","0,14%"
"26.10.2023","106,55","105,25","107,85","103,90","336,99K","0,90%"
"25.10.2023","105,60","104,40","106,20","103,50","406,03K","1,88%"
"24.10.2023","103,65","103,45","105,45","103,10","236,36K","0,19%"
"23.10.2023","103,45","104,75","105,20","102,85","258,68K","-1,10%"
"20.10.2023","104,60","105,00","106,35","103,55","233,00K","-0,52%"
"19.10.2023","105,15","104,40","105,90","103,70","201,90K","0,72%"
"18.10.2023","104,40","105,45","107,80","103,40","486,76K","-0,90%"
"17.10.2023","105,35","101,75","105,95","101,05","451,95K","3,64%"
"16.10.2023","101,65","108,00","108,25","101,50","21,24K","-4,01%"
"13.10.2023","105,90","105,50","108,15","104,55","397,78K","0,33%"
"12.10.2023","105,55","111,00","111,60","105,40","496,07K","-3,78%"
"11.10.2023","109,70","114,00","114,00","108,25","410,23K","-2,32%"
"10.10.2023","112,30","110,80","115,20","110,35","482,90K","2,51%"
"09.10.2023","109,55","107,35","111,10","104,20","504,62K","1,81%"
"06.10.2023","107,60","118,55","118,65","106,25","1,25M","-9,39%"
"05.10.2023","118,75","126,65","128,50","118,20","613,00K","-6,16%"
"04.10.2023","126,55","128,00","130,75","125,45","450,00K","-1,98%"
"03.10.2023","129,10","120,45","130,65","120,00","719,96K","6,87%"
"02.10.2023","120,80","126,30","126,55","120,45","366,47K","-3,51%"
"29.09.2023","125,20","124,20","127,30","123,10","529,60K","1,21%"
"28.09.2023","123,70","135,00","135,00","121,55","1,15M","-8,37%"
"27.09.2023","135,00","140,00","142,00","134,40","548,71K","-4,32%"
"26.09.2023","141,10","149,00","149,85","138,20","715,13K","-5,56%"
"25.09.2023","149,40","150,65","155,80","148,95","394,34K","0,47%"
"22.09.2023","148,70","148,90","150,60","146,10","220,42K","0,07%"
"21.09.2023","148,60","156,30","158,45","147,70","430,89K","-2,88%"
"20.09.2023","153,00","149,80","154,45","148,60","248,49K","3,10%"
"19.09.2023","148,40","155,20","155,20","147,30","384,65K","-3,20%"
"18.09.2023","153,30","154,95","156,40","152,85","208,03K","-0,62%"
"15.09.2023","154,25","157,20","157,60","154,20","937,82K","-0,90%"
"14.09.2023","155,65","155,90","157,80","154,45","210,63K","-0,16%"
"13.09.2023","155,90","156,05","156,45","153,70","199,61K","-0,51%"
"12.09.2023","156,70","157,35","158,50","154,55","196,78K","0,29%"
"11.09.2023","156,25","155,20","157,70","154,40","245,18K","1,40%"
"08.09.2023","154,10","149,20","154,65","149,20","270,85K","4,23%"
"07.09.2023","147,85","151,00","151,80","146,65","261,13K","-2,09%"
"06.09.2023","151,00","153,70","155,90","150,60","224,52K","-1,66%"
"05.09.2023","153,55","156,35","160,00","153,50","255,93K","-1,76%"
"04.09.2023","156,30","151,00","161,20","151,00","454,90K","3,89%"
"01.09.2023","150,45","147,80","151,45","145,00","232,54K","1,97%"
"31.08.2023","147,55","153,20","155,60","147,40","580,78K","-3,91%"
"30.08.2023","153,55","155,50","156,65","152,95","145,45K","-1,54%"
"29.08.2023","155,95","155,00","156,25","152,60","128,47K","0,71%"
"28.08.2023","154,85","157,90","158,00","153,60","128,85K","-0,80%"
"25.08.2023","156,10","153,50","157,10","152,10","160,79K","0,74%"
"24.08.2023","154,95","160,45","163,35","154,75","225,66K","-3,04%"
"23.08.2023","159,80","157,60","159,80","155,05","238,26K","1,72%"
"22.08.2023","157,10","156,50","158,65","154,10","205,53K","0,96%"
"21.08.2023","155,60","154,55","157,65","154,00","239,47K","1,04%"
"18.08.2023","154,00","150,00","154,35","150,00","209,94K","3,08%"
"17.08.2023","149,40","150,00","153,10","148,20","183,96K","-0,43%"
"16.08.2023","150,05","157,00","159,45","149,65","301,65K","-4,58%"
"14.08.2023","157,25","156,65","157,90","156,20","80,21K","0,00%"
"11.08.2023","157,25","158,10","158,95","156,20","122,06K","-1,41%"
"10.08.2023","159,50","156,40","161,00","156,10","144,45K","2,70%"
"09.08.2023","155,30","160,20","161,90","155,30","175,25K","-2,85%"
"08.08.2023","159,85","162,25","162,70","159,25","142,97K","-1,60%"
"07.08.2023","162,45","162,10","163,00","160,50","110,86K","-0,40%"
"04.08.2023","163,10","163,40","164,85","162,15","208,63K","0,25%"
"03.08.2023","162,70","158,00","162,75","157,50","264,37K","2,13%"
"02.08.2023","159,30","159,60","160,40","155,20","246,52K","-0,93%"
"01.08.2023","160,80","162,50","162,50","158,90","202,07K","-1,56%"
"31.07.2023","163,35","164,60","165,50","162,25","304,43K","-0,64%"
"28.07.2023","164,40","164,00","164,45","162,10","243,33K","0,06%"
"27.07.2023","164,30","158,00","165,50","158,00","541,17K","4,09%"
"26.07.2023","157,85","158,00","159,30","153,25","184,11K","0,06%"
"25.07.2023","157,75","158,55","159,00","156,20","183,94K","-0,32%"
"24.07.2023","158,25","157,50","160,00","156,65","200,45K","-0,94%"
"21.07.2023","159,75","160,00","160,80","156,45","251,66K","-0,28%"
"20.07.2023","160,20","158,55","160,35","157,20","167,29K","0,12%"
"19.07.2023","160,00","159,80","161,00","156,55","232,12K","0,34%"
"18.07.2023","159,45","159,60","159,70","156,50","159,92K","-0,03%"
"17.07.2023","159,50","153,80","160,60","152,20","283,20K","3,44%"
"14.07.2023","154,20","154,00","156,20","151,60","179,12K","0,10%"
"13.07.2023","154,05","152,55","158,15","151,15","386,53K","2,36%"
"12.07.2023","150,50","144,50","151,70","144,50","302,76K","4,12%"
"11.07.2023","144,55","145,95","147,15","143,75","127,77K","-0,65%"
"10.07.2023","145,50","144,20","145,50","141,80","133,59K","0,34%"
"07.07.2023","145,00","144,85","145,75","143,10","194,67K","0,14%"
"06.07.2023","144,80","143,00","144,80","140,65","280,65K","1,01%"
"05.07.2023","143,35","151,45","151,45","140,75","493,62K","-5,50%"
"04.07.2023","151,70","155,00","155,30","151,70","205,87K","-2,13%"
"03.07.2023","155,00","155,00","157,40","154,15","270,69K","0,10%"
"30.06.2023","154,85","156,50","157,80","153,40","216,56K","0,13%"
"29.06.2023","154,65","151,50","157,70","150,55","353,35K","2,52%"
"28.06.2023","150,85","148,00","155,05","147,65","455,13K","2,41%"
"27.06.2023","147,30","152,70","153,00","146,35","449,03K","-3,16%"
"26.06.2023","152,10","151,20","153,55","150,30","426,20K","0,07%"
"23.06.2023","152,00","153,85","156,40","152,00","345,37K","-2,31%"
"22.06.2023","155,60","154,05","158,20","153,20","320,14K","0,52%"
"21.06.2023","154,80","156,00","160,50","153,10","580,04K","-0,80%"
"20.06.2023","156,05","165,75","165,90","155,55","805,02K","-5,88%"
"19.06.2023","165,80","169,00","175,85","165,00","587,15K","-2,47%"
"16.06.2023","170,00","168,25","173,00","159,80","1,62M","1,04%"
"15.06.2023","168,25","159,90","168,40","155,25","1,43M","5,82%"
"14.06.2023","159,00","140,45","160,00","140,30","1,35M","13,33%"
"13.06.2023","140,30","142,75","143,10","138,60","440,28K","-0,78%"
"12.06.2023","141,40","133,00","143,50","132,95","1,58M","9,32%"
"09.06.2023","129,35","132,00","132,40","128,50","533,34K","-1,26%"
"07.06.2023","131,00","132,80","133,00","130,10","301,97K","-1,21%"
"06.06.2023","132,60","130,40","133,50","128,60","721,82K","1,45%"
"05.06.2023","130,70","129,95","131,50","128,05","479,02K","1,75%"
"02.06.2023","128,45","125,00","129,70","123,80","474,35K","3,59%"
"01.06.2023","124,00","121,60","124,20","121,10","228,31K","2,31%"
"31.05.2023","121,20","122,50","122,50","119,85","571,20K","-1,82%"
"30.05.2023","123,45","125,10","125,40","120,25","592,29K","-1,24%"
"29.05.2023","125,00","121,05","125,30","119,50","822,10K","5,13%"
"26.05.2023","118,90","115,80","118,90","114,95","379,64K","4,12%"
"25.05.2023","114,20","115,00","115,50","113,20","218,62K","-0,13%"
"24.05.2023","114,35","120,20","120,20","114,35","537,85K","-5,50%"
"23.05.2023","121,00","118,00","121,30","116,45","576,20K","2,50%"
"22.05.2023","118,05","114,00","118,30","113,05","467,73K","3,83%"
"19.05.2023","113,70","110,80","114,35","110,65","472,57K","3,84%"
"18.05.2023","109,50","110,00","111,90","108,55","168,87K","0,32%"
"17.05.2023","109,15","111,20","112,25","108,55","328,27K","-1,84%"
"16.05.2023","111,20","114,40","114,50","111,20","432,67K","-2,80%"
"15.05.2023","114,40","116,40","116,70","114,15","217,80K","-0,39%"
"12.05.2023","114,85","117,00","119,25","114,85","340,64K","-1,59%"
"11.05.2023","116,70","114,50","119,60","113,40","563,33K","3,27%"
"10.05.2023","113,00","112,50","113,75","111,35","229,19K","1,03%"
"09.05.2023","111,85","112,20","112,40","110,55","99,14K","0,04%"
"08.05.2023","111,80","113,45","114,00","111,20","186,57K","-0,97%"
"05.05.2023","112,90","112,20","113,70","112,15","170,89K","0,80%"
"04.05.2023","112,00","111,90","113,25","111,50","261,55K","0,22%"
"02.05.2023","111,75","114,10","116,30","111,60","307,01K","-1,37%"
"28.04.2023","113,30","114,10","115,20","113,10","277,62K","-0,61%"
"27.04.2023","114,00","111,60","114,50","110,90","234,98K","1,83%"
"26.04.2023","111,95","111,20","112,80","110,50","220,62K","0,86%"
"25.04.2023","111,00","110,50","112,25","110,10","171,65K","0,63%"
"24.04.2023","110,30","111,40","111,75","109,60","143,67K","-0,45%"
"21.04.2023","110,80","109,00","111,90","108,45","216,51K","1,05%"
"20.04.2023","109,65","109,65","110,60","108,50","220,15K","0,41%"
"19.04.2023","109,20","109,38","110,00","107,84","232,67K","-0,46%"
"18.04.2023","109,70","111,76","111,94","109,52","345,37K","-1,12%"
"17.04.2023","110,94","111,80","113,20","110,14","330,67K","0,18%"
"14.04.2023","110,74","110,90","112,82","110,40","281,61K","0,67%"
"13.04.2023","110,00","108,84","110,18","108,50","285,62K","1,07%"
"12.04.2023","108,84","105,60","110,28","105,30","400,40K","3,03%"
"11.04.2023","105,64","107,30","107,88","103,92","444,06K","-0,53%"
"06.04.2023","106,20","107,80","108,66","106,00","246,75K","-1,52%"
"05.04.2023","107,84","109,10","109,10","107,00","202,35K","-0,55%"
"04.04.2023","108,44","109,60","110,10","107,94","292,13K","0,35%"
"03.04.2023","108,06","110,94","111,00","106,44","603,62K","-2,84%"
"31.03.2023","111,22","120,00","124,40","111,22","1,58M","-1,82%"
"30.03.2023","113,28","110,22","114,70","109,74","751,78K","2,81%"
"29.03.2023","110,18","110,00","110,84","105,52","470,41K","1,08%"
"28.03.2023","109,00","114,76","114,78","108,90","593,25K","-4,44%"
"27.03.2023","114,06","111,50","114,36","110,52","355,49K","3,13%"
"24.03.2023","110,60","110,00","113,20","109,52","635,85K","0,55%"
"23.03.2023","110,00","112,22","113,20","109,22","885,63K","-2,46%"
"22.03.2023","112,78","115,44","116,40","112,32","793,65K","-3,16%"
"21.03.2023","116,46","125,50","127,70","114,90","1,28M","-10,91%"
"20.03.2023","130,72","130,00","132,28","128,82","192,23K","-0,21%"
"17.03.2023","131,00","135,20","136,30","130,28","530,35K","-3,25%"
"16.03.2023","135,40","131,50","135,40","130,00","365,86K","4,67%"
"15.03.2023","129,36","130,00","132,56","128,82","257,20K","-0,49%"
"14.03.2023","130,00","127,04","132,40","127,00","412,44K","2,30%"
"13.03.2023","127,08","128,72","130,04","120,80","412,41K","-1,26%"
"10.03.2023","128,70","130,90","131,20","127,62","187,72K","-2,63%"
"09.03.2023","132,18","132,00","133,78","131,46","134,13K","-0,06%"
"08.03.2023","132,26","134,68","134,68","131,46","174,68K","-0,90%"
"07.03.2023","133,46","132,50","134,80","131,40","169,15K","0,95%"
"06.03.2023","132,20","132,00","132,50","130,20","177,40K","1,18%"
"03.03.2023","130,66","132,00","133,54","129,70","235,16K","-0,11%"
"02.03.2023","130,80","132,00","132,30","129,42","201,94K","-1,10%"
"01.03.2023","132,26","133,86","135,60","131,90","203,94K","-0,11%"
"28.02.2023","132,40","132,12","133,84","130,70","207,58K","0,21%"
"27.02.2023","132,12","130,00","133,04","129,38","133,39K","2,01%"
"24.02.2023","129,52","134,14","134,14","129,46","170,55K","-3,70%"
"23.02.2023","134,50","132,06","135,86","132,06","180,54K","1,94%"
"22.02.2023","131,94","131,20","132,56","129,16","187,69K","0,55%"
"21.02.2023","131,22","136,00","136,00","131,22","352,52K","-3,76%"
"20.02.2023","136,34","136,24","137,74","135,10","91,63K","0,38%"
"17.02.2023","135,82","139,00","139,34","135,82","201,95K","-2,65%"
"16.02.2023","139,52","139,16","140,64","136,80","145,15K","0,81%"
"15.02.2023","138,40","133,70","138,50","133,30","126,87K","3,10%"
"14.02.2023","134,24","140,50","143,00","133,80","286,18K","-3,35%"
"13.02.2023","138,90","139,60","140,38","137,00","334,40K","0,19%"
"10.02.2023","138,64","140,68","141,10","136,18","795,94K","-2,01%"
"09.02.2023","141,48","143,00","143,66","141,10","143,71K","-0,16%"
"08.02.2023","141,70","142,56","145,40","141,52","185,10K","0,30%"
"07.02.2023","141,28","141,98","141,98","136,02","324,22K","-0,90%"
"06.02.2023","142,56","145,60","145,94","141,32","263,53K","-2,89%"
"03.02.2023","146,80","146,98","148,54","144,56","471,93K","0,70%"
"02.02.2023","145,78","141,50","148,16","140,14","574,70K","5,42%"
"01.02.2023","138,28","139,50","141,84","137,18","353,20K","-0,75%"
"31.01.2023","139,32","134,24","140,32","133,00","674,47K","4,91%"
"30.01.2023","132,80","133,50","134,00","131,20","321,85K","-0,82%"
"27.01.2023","133,90","135,00","136,42","133,40","123,92K","-0,56%"
"26.01.2023","134,66","133,36","135,60","132,54","142,43K","2,39%"
"25.01.2023","131,52","133,00","133,38","131,00","131,58K","-1,79%"
"24.01.2023","133,92","135,70","137,30","132,90","225,86K","-1,31%"
"23.01.2023","135,70","132,54","135,98","132,54","258,89K","2,40%"
"20.01.2023","132,52","132,90","134,60","131,60","191,74K","0,02%"
"19.01.2023","132,50","131,18","134,50","130,12","299,00K","-0,59%"
"18.01.2023","133,28","129,22","134,80","129,22","327,12K","3,00%"
"17.01.2023","129,40","129,00","131,16","127,20","246,42K","0,45%"
"16.01.2023","128,82","133,00","133,40","128,82","280,50K","-2,51%"
"13.01.2023","132,14","130,20","134,20","130,08","289,52K","1,69%"
"12.01.2023","129,94","135,70","135,80","128,66","845,56K","-4,29%"
"11.01.2023","135,76","138,34","139,38","134,30","460,25K","-1,74%"
"10.01.2023","138,16","132,26","138,64","131,50","340,65K","3,30%"
"09.01.2023","133,74","132,60","136,00","131,30","506,01K","0,89%"
"05.01.2023","132,56","127,20","134,12","127,10","553,37K","3,97%"
"04.01.2023","127,50","130,60","130,60","126,70","448,47K","-1,16%"
"03.01.2023","129,00","130,00","132,08","128,20","442,44K","-0,26%"
"02.01.2023","129,34","129,00","131,74","128,66","154,16K","-0,23%"
"30.12.2022","129,64","128,00","130,38","128,00","156,06K","0,61%"
"29.12.2022","128,86","126,00","129,30","126,00","156,60K","2,53%"
"28.12.2022","125,68","127,00","128,96","125,52","241,39K","-1,07%"
"27.12.2022","127,04","130,00","130,00","126,84","145,36K","-1,75%"
"23.12.2022","129,30","127,20","130,50","125,82","188,31K","1,73%"
"22.12.2022","127,10","130,00","130,64","126,82","191,80K","-2,31%"
"21.12.2022","130,10","128,00","130,74","127,82","214,30K","1,64%"
"20.12.2022","128,00","127,20","129,52","126,66","199,56K","-0,57%"
"19.12.2022","128,74","133,00","133,58","128,20","286,41K","-2,94%"
"16.12.2022","132,64","129,30","134,70","126,66","886,98K","2,11%"
"15.12.2022","129,90","141,00","141,00","129,90","914,58K","-8,91%"
"14.12.2022","142,60","137,10","143,00","136,38","407,50K","4,07%"
"13.12.2022","137,02","135,48","139,80","133,80","309,99K","1,86%"
"12.12.2022","134,52","132,00","136,70","130,00","250,40K","2,39%"
"09.12.2022","131,38","127,50","132,20","126,50","265,11K","3,87%"
"08.12.2022","126,48","129,00","129,80","125,10","267,77K","-1,57%"
"07.12.2022","128,50","130,76","130,76","128,08","289,34K","-1,73%"
"06.12.2022","130,76","128,00","131,50","125,68","389,62K","2,32%"
"05.12.2022","127,80","128,68","132,84","127,50","461,70K","0,38%"
"02.12.2022","127,32","124,00","129,50","121,24","601,97K","3,03%"
"01.12.2022","123,58","133,00","134,50","123,40","990,99K","-5,65%"
"30.11.2022","130,98","131,48","134,32","128,72","755,59K","-0,38%"
"29.11.2022","131,48","142,02","142,62","128,48","1,28M","-5,08%"
"28.11.2022","138,52","140,00","140,96","137,34","363,61K","-1,06%"
"25.11.2022","140,00","141,00","144,60","140,00","376,52K","-0,98%"
"24.11.2022","141,38","140,00","143,38","140,00","250,57K","2,01%"
"23.11.2022","138,60","138,80","141,98","137,18","236,65K","0,48%"
"22.11.2022","137,94","140,00","143,84","137,14","377,09K","-0,96%"
"21.11.2022","139,28","144,70","145,90","135,04","489,77K","-3,94%"
"18.11.2022","145,00","147,34","153,50","144,90","422,21K","-1,25%"
"17.11.2022","146,84","147,06","148,88","143,20","287,22K","1,14%"
"16.11.2022","145,18","145,50","150,22","145,00","507,27K","-1,57%"
"15.11.2022","147,50","149,00","149,60","143,56","429,61K","1,33%"
"14.11.2022","145,56","141,00","148,98","141,00","715,80K","3,38%"
"10.11.2022","140,80","135,90","143,00","134,92","393,95K","3,29%"
"09.11.2022","136,32","135,70","137,06","133,54","194,13K","0,18%"
"08.11.2022","136,08","136,00","137,14","131,94","431,53K","-0,15%"
"07.11.2022","136,28","139,98","142,42","133,02","434,48K","-2,08%"
"04.11.2022","139,18","135,00","140,00","133,92","361,60K","3,68%"
"03.11.2022","134,24","133,00","135,48","130,30","505,83K","-1,45%"
"02.11.2022","136,22","127,50","136,50","126,18","918,44K","7,18%"
"31.10.2022","127,10","124,00","128,60","122,70","443,32K","2,50%"
"28.10.2022","124,00","119,50","124,70","118,54","603,44K","3,25%"
"27.10.2022","120,10","122,46","122,46","118,50","412,61K","-1,93%"
"26.10.2022","122,46","118,26","123,40","117,30","624,19K","3,55%"
"25.10.2022","118,26","120,50","121,08","117,54","649,38K","-2,26%"
"24.10.2022","121,00","120,00","124,86","119,50","638,91K","2,02%"
"21.10.2022","118,60","117,98","122,30","117,20","487,84K","-0,27%"
"20.10.2022","118,92","120,00","120,48","116,94","680,87K","0,17%"
"19.10.2022","118,72","122,66","123,34","118,72","637,33K","-2,06%"
"18.10.2022","121,22","119,20","125,88","118,34","950,59K","2,76%"
"17.10.2022","117,96","114,50","117,98","113,36","381,47K","3,69%"
"14.10.2022","113,76","115,00","117,22","113,02","498,21K","1,52%"
"13.10.2022","112,06","114,00","116,90","111,28","651,18K","-2,39%"
"12.10.2022","114,80","120,80","120,80","114,00","677,54K","-4,97%"
"11.10.2022","120,80","114,50","120,80","112,38","976,53K","5,34%"
"10.10.2022","114,68","114,90","116,14","113,00","736,06K","-1,33%"
"07.10.2022","116,22","111,00","116,22","109,02","786,41K","4,20%"
"06.10.2022","111,54","112,98","113,00","108,60","827,35K","1,16%"
"05.10.2022","110,26","118,34","123,32","109,52","2,66M","1,72%"
"04.10.2022","108,40","107,00","109,50","105,72","926,62K","2,90%"
"03.10.2022","105,34","100,00","105,92","96,60","1,02M","5,13%"
"30.09.2022","100,20","98,62","101,96","97,00","701,00K","1,60%"
"29.09.2022","98,62","107,00","108,50","97,82","906,18K","-6,75%"
"28.09.2022","105,76","103,00","106,50","100,70","837,86K","1,63%"
"27.09.2022","104,06","102,32","106,98","100,02","1,64M","1,34%"
"26.09.2022","102,68","94,97","104,00","91,11","1,48M","13,47%"
"23.09.2022","90,49","90,00","93,63","88,50","1,56M","2,26%"
"22.09.2022","88,49","86,70","91,50","86,05","940,57K","0,65%"
"21.09.2022","87,92","88,42","90,23","86,72","403,64K","-1,53%"
"20.09.2022","89,29","89,80","90,65","87,82","544,30K","0,43%"
"19.09.2022","88,91","95,10","97,46","87,90","1,64M","0,16%"
"16.09.2022","88,77","89,86","90,94","86,51","2,82M","-3,20%"
"15.09.2022","91,70","90,60","92,60","88,50","1,04M","1,39%"
"14.09.2022","90,44","85,90","90,65","85,01","652,75K","4,97%"
"13.09.2022","86,16","85,40","89,48","85,01","855,97K","1,80%"
"12.09.2022","84,64","88,00","88,21","82,62","635,21K","-3,60%"
"09.09.2022","87,80","84,70","87,80","83,00","610,04K","6,93%"
"08.09.2022","82,11","81,00","84,44","79,03","959,96K","5,42%"
"07.09.2022","77,89","81,00","84,20","76,81","704,96K","-0,87%"
"06.09.2022","78,57","82,20","82,39","78,42","415,89K","-3,78%"
"05.09.2022","81,66","82,05","83,37","81,00","361,22K","-0,41%"
"02.09.2022","82,00","81,92","82,50","80,12","374,49K","0,61%"
"01.09.2022","81,50","84,00","84,00","81,30","369,25K","-3,11%"
"31.08.2022","84,12","82,01","86,00","82,00","570,41K","2,70%"
"30.08.2022","81,91","82,86","83,67","81,50","367,15K","-0,75%"
"29.08.2022","82,53","82,32","82,93","80,85","203,98K","-1,75%"
"26.08.2022","84,00","82,90","85,86","82,00","452,52K","1,40%"
"25.08.2022","82,84","84,80","85,74","82,15","209,14K","-1,39%"
"24.08.2022","84,01","84,00","84,94","82,60","360,30K","0,01%"
"23.08.2022","84,00","85,93","86,46","83,95","370,05K","-2,39%"
"22.08.2022","86,06","88,40","88,44","85,70","496,12K","-3,23%"
"19.08.2022","88,93","90,97","91,32","88,93","468,74K","-3,44%"
"18.08.2022","92,10","93,50","94,50","90,80","186,72K","-1,50%"
"17.08.2022","93,50","92,55","93,89","91,70","286,37K","1,03%"
"16.08.2022","92,55","95,47","96,69","91,81","295,82K","-1,54%"
"12.08.2022","94,00","96,40","96,40","93,19","285,23K","-1,68%"
"11.08.2022","95,61","92,00","95,88","91,70","340,82K","3,92%"
"10.08.2022","92,00","89,50","92,75","87,60","281,54K","3,95%"
"09.08.2022","88,50","91,97","93,00","88,46","235,34K","-3,49%"
"08.08.2022","91,70","93,50","93,50","90,11","331,81K","-1,04%"
"05.08.2022","92,66","92,50","94,89","92,02","426,48K","0,19%"
"04.08.2022","92,48","88,50","93,55","87,70","439,23K","5,45%"
"03.08.2022","87,70","87,01","89,19","86,55","252,40K","1,39%"
"02.08.2022","86,50","90,00","90,13","86,47","300,05K","-4,28%"
"01.08.2022","90,37","89,30","91,15","87,40","227,48K","-0,48%"
"29.07.2022","90,81","89,90","90,81","88,80","324,90K","2,61%"
"28.07.2022","88,50","91,78","91,78","88,07","241,72K","-0,49%"
"27.07.2022","88,94","91,20","91,20","86,60","365,85K","-0,77%"
"26.07.2022","89,63","89,73","90,60","87,15","471,22K","-0,52%"
"25.07.2022","90,10","97,00","97,00","90,10","534,75K","-8,54%"
"22.07.2022","98,51","93,00","98,78","92,70","392,70K","6,44%"
"21.07.2022","92,55","95,00","95,00","91,68","419,95K","-1,96%"
"20.07.2022","94,40","95,61","95,78","91,88","350,66K","0,44%"
"19.07.2022","93,99","93,80","94,00","90,76","283,41K","0,19%"
"18.07.2022","93,81","95,00","95,56","91,27","347,75K","0,53%"
"15.07.2022","93,32","95,00","97,55","93,00","336,67K","-1,58%"
"14.07.2022","94,82","97,65","98,92","93,81","278,10K","-2,90%"
"13.07.2022","97,65","102,02","102,52","96,23","218,60K","-4,28%"
"12.07.2022","102,02","104,50","104,50","101,10","420,78K","-2,37%"
"11.07.2022","104,50","104,00","105,92","102,64","433,05K","1,06%"
"08.07.2022","103,40","103,80","104,90","100,50","263,89K","-0,37%"
"07.07.2022","103,78","97,89","103,92","97,52","449,30K","6,50%"
"06.07.2022","97,45","91,60","99,00","91,50","490,56K","6,12%"
"05.07.2022","91,83","96,78","96,78","88,88","372,66K","-3,64%"
"04.07.2022","95,30","97,90","97,90","94,11","259,14K","-2,72%"
"01.07.2022","97,96","95,40","98,28","93,56","309,70K","2,38%"
"30.06.2022","95,68","97,00","101,10","95,41","573,89K","-2,71%"
"29.06.2022","98,35","96,50","98,35","94,24","312,58K","0,98%"
"28.06.2022","97,40","95,40","97,85","95,17","291,40K","2,55%"
"27.06.2022","94,98","94,70","95,50","93,08","324,29K","0,60%"
"24.06.2022","94,41","91,50","94,65","90,69","226,06K","4,12%"
"23.06.2022","90,67","90,00","91,68","89,05","206,79K","-0,31%"
"22.06.2022","90,95","90,19","91,71","88,37","246,97K","-0,46%"
"21.06.2022","91,37","93,19","93,70","90,92","284,66K","-1,22%"
"20.06.2022","92,50","90,60","93,48","90,60","215,99K","2,18%"
"17.06.2022","90,53","90,36","93,26","90,00","849,09K","-1,39%"
"15.06.2022","91,81","91,50","91,90","89,91","413,81K","0,45%"
"14.06.2022","91,40","88,50","92,40","86,69","603,54K","3,36%"
"13.06.2022","88,43","91,50","92,78","88,30","594,37K","-5,55%"
"10.06.2022","93,63","93,25","95,90","89,81","948,62K","-0,34%"
"09.06.2022","93,95","103,50","103,50","93,15","1,10M","-9,12%"
"08.06.2022","103,38","104,28","105,86","103,02","345,85K","-1,71%"
"07.06.2022","105,18","106,46","106,88","103,52","390,57K","-1,61%"
"06.06.2022","106,90","104,60","108,70","103,58","275,87K","2,59%"
"03.06.2022","104,20","108,90","109,70","104,02","260,09K","-3,46%"
"02.06.2022","107,94","109,06","109,06","106,50","246,18K","-0,39%"
"01.06.2022","108,36","109,30","110,62","108,20","288,76K","-0,28%"
"31.05.2022","108,66","113,10","113,12","108,52","1,18M","-3,93%"
"30.05.2022","113,10","114,00","117,98","113,08","341,85K","0,73%"
"27.05.2022","112,28","112,06","114,72","107,32","596,17K","1,50%"
"26.05.2022","110,62","108,50","111,60","106,62","378,58K","2,43%"
"25.05.2022","108,00","111,00","111,26","105,88","480,38K","-2,70%"
"24.05.2022","111,00","115,64","116,80","110,84","565,23K","-4,82%"
"23.05.2022","116,62","120,00","121,80","115,52","277,64K","-1,47%"
"20.05.2022","118,36","117,00","121,68","116,70","389,42K","1,27%"
"19.05.2022","116,88","117,20","118,04","114,76","676,74K","-1,86%"
"18.05.2022","119,10","124,80","124,80","118,82","429,69K","-4,06%"
"17.05.2022","124,14","118,48","125,40","117,40","548,38K","6,21%"
"16.05.2022","116,88","120,50","121,38","116,88","233,20K","-3,15%"
"13.05.2022","120,68","117,38","121,72","116,26","328,13K","3,48%"
"12.05.2022","116,62","117,12","119,52","113,62","20,08K","-3,68%"
"11.05.2022","121,08","117,46","121,46","115,78","408,03K","3,93%"
"10.05.2022","116,50","117,36","118,20","113,30","300,50K","1,25%"
"09.05.2022","115,06","117,74","117,84","114,14","297,62K","-2,28%"
"06.05.2022","117,74","117,00","118,46","114,40","497,09K","-1,46%"
"05.05.2022","119,48","124,70","125,30","118,96","417,24K","-2,91%"
"04.05.2022","123,06","120,00","123,62","115,22","748,43K","3,05%"
"02.05.2022","119,42","119,82","121,18","115,50","389,24K","-1,29%"
"29.04.2022","120,98","124,16","126,90","119,78","642,61K","-2,02%"
"28.04.2022","123,48","130,00","130,34","122,40","641,56K","-4,37%"
"27.04.2022","129,12","128,00","130,92","125,00","643,45K","0,91%"
"26.04.2022","127,96","131,94","133,20","126,84","569,59K","-2,11%"
"25.04.2022","130,72","127,00","131,20","125,70","922,89K","2,45%"
"22.04.2022","127,60","129,00","132,00","125,66","1,07M","-0,81%"
"21.04.2022","128,64","138,00","139,74","127,80","1,40M","-6,40%"
"20.04.2022","137,44","150,00","152,40","137,44","1,23M","-8,31%"
"19.04.2022","149,90","167,00","167,96","149,80","1,67M","-10,24%"
"14.04.2022","167,00","167,82","170,26","162,96","467,34K","-1,70%"
"13.04.2022","169,88","170,00","171,32","168,18","124,38K","0,64%"
"12.04.2022","168,80","174,76","174,90","168,70","253,05K","-3,97%"
"11.04.2022","175,78","170,10","175,90","168,90","237,85K","2,87%"
"08.04.2022","170,88","176,00","176,00","170,50","200,79K","-1,79%"
"07.04.2022","174,00","176,60","177,34","173,70","237,13K","-0,63%"
"06.04.2022","175,10","178,08","178,08","173,62","187,27K","-0,68%"
"05.04.2022","176,30","175,00","179,92","174,48","335,44K","1,25%"
"04.04.2022","174,12","175,00","175,90","172,10","189,76K","-0,93%"
"01.04.2022","175,76","174,00","176,70","173,10","227,60K","1,16%"
"31.03.2022","173,74","180,50","182,02","173,74","448,33K","-4,34%"
"30.03.2022","181,62","178,30","182,80","177,80","284,35K","1,86%"
"29.03.2022","178,30","177,24","179,62","174,50","274,92K","1,08%"
"28.03.2022","176,40","175,12","178,86","173,78","207,05K","0,55%"
"25.03.2022","175,44","176,10","178,94","174,00","219,22K","-0,31%"
"24.03.2022","175,98","178,00","178,02","174,00","237,86K","-1,11%"
"23.03.2022","177,96","174,88","181,40","174,30","491,89K","2,17%"
"22.03.2022","174,18","186,94","187,14","171,68","1,11M","1,67%"
"21.03.2022","171,32","168,56","172,80","168,20","183,15K","0,71%"
"18.03.2022","170,12","173,78","174,38","168,20","509,01K","-1,66%"
"17.03.2022","173,00","171,50","173,90","168,80","388,04K","1,59%"
"16.03.2022","170,30","169,00","172,36","166,06","518,06K","2,02%"
"15.03.2022","166,92","163,00","169,40","161,74","356,64K","2,59%"
"14.03.2022","162,70","163,64","166,70","160,52","300,11K","-0,50%"
"11.03.2022","163,52","160,34","165,28","158,52","343,46K","3,49%"
"10.03.2022","158,00","162,72","164,38","158,00","298,59K","-2,51%"
"09.03.2022","162,06","160,40","164,50","160,16","351,24K","2,60%"
"08.03.2022","157,96","162,00","164,88","156,00","437,22K","-3,02%"
"07.03.2022","162,88","158,00","163,48","155,00","578,62K","0,99%"
"04.03.2022","161,28","163,00","165,88","159,56","312,57K","-1,06%"
"03.03.2022","163,00","171,50","172,00","163,00","434,39K","-5,52%"
"02.03.2022","172,52","167,00","175,00","165,98","581,86K","2,51%"
"01.03.2022","168,30","170,00","171,96","166,92","597,47K","-0,06%"
"28.02.2022","168,40","161,42","170,00","159,04","653,47K","2,43%"
"25.02.2022","164,40","164,32","167,48","160,22","427,06K","2,84%"
"24.02.2022","159,86","160,00","164,00","150,20","763,17K","-5,63%"
"23.02.2022","169,40","175,74","179,90","169,00","418,29K","-0,99%"
"22.02.2022","171,10","166,00","171,10","159,20","403,44K","1,24%"
"21.02.2022","169,00","176,56","177,20","168,38","322,39K","-3,32%"
"18.02.2022","174,80","180,00","182,32","174,80","274,16K","-2,89%"
"17.02.2022","180,00","182,00","183,80","178,60","346,06K","-0,99%"
"16.02.2022","181,80","187,50","188,00","180,20","334,22K","0,52%"
"15.02.2022","180,86","180,00","187,36","179,42","622,29K","1,15%"
"14.02.2022","178,80","173,68","180,78","172,90","466,45K","0,44%"
"11.02.2022","178,02","180,76","180,76","176,80","242,56K","-1,91%"
"10.02.2022","181,48","183,80","184,00","178,16","197,82K","-1,15%"
"09.02.2022","183,60","179,80","183,60","177,94","363,96K","2,88%"
"08.02.2022","178,46","179,26","180,00","173,40","495,05K","-0,61%"
"07.02.2022","179,56","178,02","181,32","176,00","407,03K","0,94%"
"04.02.2022","177,88","183,00","187,34","177,88","360,36K","-3,85%"
"03.02.2022","185,00","183,24","185,84","182,46","112,53K","-0,45%"
"02.02.2022","185,84","182,00","186,60","180,94","372,93K","2,71%"
"01.02.2022","180,94","181,28","185,90","177,82","888,18K","0,49%"
"31.01.2022","180,06","169,20","180,06","166,50","524,31K","8,33%"
"28.01.2022","166,22","175,00","176,90","166,10","474,34K","-5,23%"
"27.01.2022","175,40","171,96","175,72","168,56","269,91K","1,32%"
"26.01.2022","173,12","173,50","177,20","172,02","316,12K","0,17%"
"25.01.2022","172,82","178,00","180,88","172,40","515,30K","-2,91%"
"24.01.2022","178,00","185,00","187,50","176,00","492,73K","-4,30%"
"21.01.2022","186,00","189,00","191,00","184,16","377,09K","-2,11%"
"20.01.2022","190,00","189,30","192,36","187,48","394,61K","1,20%"
"19.01.2022","187,74","192,00","192,38","187,00","541,81K","-3,23%"
"18.01.2022","194,00","190,00","208,10","186,46","1,47M","1,57%"
"17.01.2022","191,00","191,50","191,82","188,70","113,83K","0,00%"
"14.01.2022","191,00","192,96","195,34","189,70","256,70K","-1,05%"
"13.01.2022","193,02","193,00","197,76","192,00","294,45K","-1,52%"
"12.01.2022","196,00","189,30","196,66","186,00","523,99K","3,95%"
"11.01.2022","188,56","189,50","193,10","188,20","343,54K","0,24%"
"10.01.2022","188,10","198,60","199,66","188,10","403,34K","-5,31%"
"07.01.2022","198,64","200,40","201,55","195,88","530,65K","-2,63%"
"05.01.2022","204,00","198,00","204,00","197,20","348,89K","2,79%"
"04.01.2022","198,46","200,90","201,80","197,70","513,85K","-1,07%"
"03.01.2022","200,60","192,88","201,90","192,36","650,79K","3,99%"